model,metric,value
model1,RMSE,9.925554780435146
model1,R2,0.8262596767224536
model2,RMSE,9.800525354133898
model2,R2,0.8306092241971823
model3,RMSE,9.223431250556438
model3,R2,0.849970703112266
